date,water_level,rainfall,true_recharge
2020-01-01,9.9485,0.0,0.0
2020-01-02,9.8906,0.0,0.0
2020-01-03,11.2323,0.0,0.102
2020-01-04,12.4885,0.0,0.102
2020-01-05,13.7249,4.26,0.102
2020-01-06,15.0023,0.0,0.102
2020-01-07,17.0889,0.0,0.171
2020-01-08,17.8326,0.0,0.069
2020-01-09,18.5513,2.87,0.069
2020-01-10,19.4046,0.0,0.069
2020-01-11,20.1665,0.0,0.069
2020-01-12,20.0543,0.0,0.0
2020-01-13,19.9705,0.0,0.0
2020-01-14,19.8032,0.0,0.0
2020-01-15,19.7963,0.0,0.0
2020-01-16,20.1778,0.0,0.046
2020-01-17,20.6953,0.0,0.046
2020-01-18,21.0843,1.91,0.046
2020-01-19,21.565,0.0,0.046
2020-01-20,22.0922,0.0,0.046
2020-01-21,21.9169,0.0,0.0
2020-01-22,21.8292,0.0,0.0
2020-01-23,21.6913,0.0,0.0
2020-01-24,21.5624,0.0,0.0
2020-01-25,21.4889,0.0,0.0
2020-01-26,21.5894,0.0,0.021
2020-01-27,24.3053,0.0,0.23
2020-01-28,27.072,0.88,0.23
2020-01-29,29.8253,8.72,0.23
2020-01-30,32.5089,0.0,0.23
2020-01-31,34.8491,0.0,0.209
2020-02-01,34.6368,0.0,0.0
2020-02-02,34.4056,0.0,0.0
2020-02-03,34.1788,0.0,0.0
2020-02-04,34.5209,0.0,0.048
2020-02-05,34.9123,0.0,0.048
2020-02-06,35.275,2.01,0.048
2020-02-07,35.6824,0.0,0.048
2020-02-08,36.0426,0.0,0.048
2020-02-09,35.7663,0.0,0.0
2020-02-10,35.5135,0.0,0.0
2020-02-11,35.2862,0.0,0.0
2020-02-12,35.0165,0.0,0.0
2020-02-13,34.7677,0.0,0.0
2020-02-14,34.5372,0.0,0.0
2020-02-15,34.3118,0.0,0.0
2020-02-16,34.0634,0.0,0.0
2020-02-17,34.347,0.0,0.038
2020-02-18,34.6057,0.0,0.038
2020-02-19,34.9905,1.58,0.055
2020-02-20,35.489,0.0,0.055
2020-02-21,35.9278,0.72,0.055
2020-02-22,35.9125,0.0,0.017
2020-02-23,35.87,0.0,0.017
2020-02-24,35.5804,0.0,0.0
2020-02-25,35.3421,0.0,0.0
2020-02-26,36.6993,0.0,0.125
2020-02-27,38.3436,0.0,0.149
2020-02-28,39.846,5.2,0.149
2020-02-29,41.5082,1.03,0.149
2020-03-01,43.1046,0.0,0.149
2020-03-02,43.0608,0.0,0.025
2020-03-03,42.7708,0.0,0.0
2020-03-04,42.4249,0.0,0.0
2020-03-05,42.1369,0.0,0.0
2020-03-06,41.7891,0.0,0.0
2020-03-07,42.1991,0.0,0.059
2020-03-08,42.7256,0.0,0.059
2020-03-09,43.0918,2.44,0.059
2020-03-10,43.5278,0.0,0.059
2020-03-11,43.9163,0.0,0.059
2020-03-12,43.5965,0.0,0.0
2020-03-13,44.2454,0.0,0.074
2020-03-14,44.835,0.0,0.074
2020-03-15,45.4691,3.09,0.074
2020-03-16,46.0668,0.0,0.074
2020-03-17,46.653,0.0,0.074
2020-03-18,46.3072,0.0,0.0
2020-03-19,46.0072,0.0,0.0
2020-03-20,45.5907,0.0,0.0
2020-03-21,45.287,0.0,0.0
2020-03-22,45.8242,0.0,0.067
2020-03-23,46.4666,0.0,0.078
2020-03-24,48.3815,2.78,0.187
2020-03-25,50.3924,0.47,0.187
2020-03-26,52.4023,4.54,0.187
2020-03-27,53.9421,0.0,0.157
2020-03-28,55.3426,0.0,0.145
2020-03-29,57.0586,1.52,0.172
2020-03-30,58.7664,0.0,0.172
2020-03-31,60.484,5.65,0.172
2020-04-01,61.694,0.0,0.136
2020-04-02,62.9156,0.0,0.136
2020-04-03,62.4295,0.0,0.0
2020-04-04,61.9214,0.0,0.0
2020-04-05,62.4433,0.0,0.077
2020-04-06,64.6084,0.0,0.206
2020-04-07,66.5425,3.22,0.206
2020-04-08,68.6617,5.37,0.206
2020-04-09,70.6668,0.0,0.206
2020-04-10,71.7597,0.0,0.129
2020-04-11,71.1745,0.0,0.0
2020-04-12,70.6319,0.0,0.0
2020-04-13,70.0854,0.0,0.0
2020-04-14,69.5019,0.0,0.0
2020-04-15,68.9812,0.0,0.0
2020-04-16,71.8234,0.0,0.279
2020-04-17,74.8615,0.0,0.279
2020-04-18,77.7188,11.64,0.279
2020-04-19,80.6076,0.0,0.279
2020-04-20,83.3805,0.0,0.279
2020-04-21,82.7179,0.0,0.0
2020-04-22,84.6033,0.0,0.202
2020-04-23,86.4378,0.0,0.202
2020-04-24,88.2697,8.41,0.202
2020-04-25,90.1002,0.0,0.202
2020-04-26,91.8048,0.0,0.202
2020-04-27,91.1368,0.0,0.0
2020-04-28,90.3643,0.0,0.0
2020-04-29,89.6212,0.0,0.0
2020-04-30,91.6065,0.0,0.22
2020-05-01,93.6707,0.0,0.22
2020-05-02,98.8648,9.18,0.484
2020-05-03,104.1908,0.0,0.484
2020-05-04,109.3135,10.98,0.484
2020-05-05,112.5795,0.0,0.33
2020-05-06,119.7039,0.0,0.645
2020-05-07,123.5133,2.78,0.382
2020-05-08,128.7818,13.13,0.508
2020-05-09,134.0275,0.0,0.508
2020-05-10,138.4142,5.24,0.441
2020-05-11,138.8703,0.0,0.126
2020-05-12,139.2474,0.0,0.126
2020-05-13,139.8114,0.0,0.141
2020-05-14,140.4022,0.0,0.141
2020-05-15,140.9433,5.89,0.141
2020-05-16,141.5778,0.0,0.141
2020-05-17,144.6409,0.0,0.346
2020-05-18,146.0474,0.0,0.205
2020-05-19,147.3478,8.52,0.205
2020-05-20,148.7229,0.0,0.205
2020-05-21,149.9138,0.0,0.205
2020-05-22,148.6707,0.0,0.0
2020-05-23,147.4662,0.0,0.0
2020-05-24,146.1977,0.0,0.0
2020-05-25,144.9022,0.0,0.0
2020-05-26,143.7019,0.0,0.0
2020-05-27,144.4155,0.0,0.155
2020-05-28,145.1377,0.0,0.155
2020-05-29,145.8156,6.46,0.155
2020-05-30,147.5002,0.0,0.232
2020-05-31,149.1064,0.0,0.232
2020-06-01,151.8204,3.22,0.314
2020-06-02,154.468,0.0,0.314
2020-06-03,157.062,9.88,0.314
2020-06-04,158.6458,0.0,0.237
2020-06-05,160.3347,0.0,0.237
2020-06-06,158.9497,0.0,0.0
2020-06-07,160.1008,0.0,0.203
2020-06-08,161.2873,0.0,0.203
2020-06-09,162.4132,8.46,0.203
2020-06-10,166.1186,0.0,0.406
2020-06-11,169.7912,0.0,0.406
2020-06-12,170.9314,8.46,0.203
2020-06-13,171.9529,0.0,0.203
2020-06-14,173.0591,0.0,0.203
2020-06-15,171.5429,0.0,0.0
2020-06-16,170.0989,0.0,0.0
2020-06-17,168.6329,0.0,0.0
2020-06-18,167.2221,0.0,0.0
2020-06-19,165.7516,0.0,0.0
2020-06-20,164.3051,0.0,0.0
2020-06-21,166.2799,0.0,0.27
2020-06-22,171.1531,0.0,0.501
2020-06-23,175.9357,11.24,0.501
2020-06-24,180.7463,9.65,0.501
2020-06-25,185.438,0.0,0.501
2020-06-26,186.8269,0.0,0.232
2020-06-27,185.0993,0.0,0.0
2020-06-28,183.5677,0.0,0.0
2020-06-29,181.9522,0.0,0.0
2020-06-30,180.4098,0.0,0.0
2020-07-01,178.8815,0.0,0.0
2020-07-02,177.2741,0.0,0.0
2020-07-03,175.8314,0.0,0.0
2020-07-04,186.3656,0.0,0.959
2020-07-05,196.6848,0.0,0.959
2020-07-06,207.0026,39.97,0.959
2020-07-07,217.2293,0.0,0.959
2020-07-08,227.3055,0.0,0.959
2020-07-09,237.0117,0.0,0.935
2020-07-10,246.592,0.0,0.935
2020-07-11,260.7134,38.96,1.294
2020-07-12,278.9797,0.0,1.645
2020-07-13,297.077,14.96,1.645
2020-07-14,303.3844,14.6,0.71
2020-07-15,309.5799,0.0,0.71
2020-07-16,311.253,0.0,0.351
2020-07-17,308.5621,0.0,0.0
2020-07-18,305.8033,0.0,0.0
2020-07-19,303.1988,0.0,0.0
2020-07-20,300.5783,0.0,0.008
2020-07-21,300.7257,0.0,0.22
2020-07-22,300.9274,0.35,0.22
2020-07-23,309.306,8.83,0.883
2020-07-24,317.602,0.0,0.883
2020-07-25,328.9241,27.6,1.131
2020-07-26,337.538,0.0,0.919
2020-07-27,346.0802,10.69,0.919
2020-07-28,346.2472,0.0,0.256
2020-07-29,346.4098,0.0,0.256
2020-07-30,343.3704,0.0,0.0
2020-07-31,340.3511,0.0,0.0
2020-08-01,337.3275,0.0,0.0
2020-08-02,345.4542,0.0,0.885
2020-08-03,364.1004,0.0,1.731
2020-08-04,382.4677,36.86,1.731
2020-08-05,400.7729,35.26,1.731
2020-08-06,418.8595,0.0,1.731
2020-08-07,425.7711,0.0,0.846
2020-08-08,422.0007,0.0,0.0
2020-08-09,418.3351,0.0,0.0
2020-08-10,414.6178,0.0,0.0
2020-08-11,410.9084,0.0,0.0
2020-08-12,410.15,0.0,0.224
2020-08-13,409.2961,0.0,0.224
2020-08-14,408.4988,9.35,0.224
2020-08-15,413.2481,0.0,0.666
2020-08-16,433.2845,0.0,1.896
2020-08-17,450.4019,18.4,1.672
2020-08-18,467.2741,51.27,1.672
2020-08-19,484.0487,0.0,1.672
2020-08-20,495.1479,0.0,1.23
2020-08-21,490.7706,0.0,0.0
2020-08-22,486.48,0.0,0.0
2020-08-23,482.1643,0.0,0.0
2020-08-24,478.8303,0.0,0.072
2020-08-25,479.0375,0.0,0.354
2020-08-26,479.1273,2.99,0.354
2020-08-27,479.3474,11.76,0.354
2020-08-28,479.4954,0.0,0.354
2020-08-29,478.7947,0.0,0.282
2020-08-30,474.5663,0.0,0.0
2020-08-31,470.3587,0.0,0.0
2020-09-01,466.2019,0.0,0.0
2020-09-02,462.1095,0.0,0.0
2020-09-03,457.9948,0.0,0.0
2020-09-04,454.0108,0.0,0.0
2020-09-05,449.9486,0.0,0.0
2020-09-06,446.0871,0.0,0.0
2020-09-07,442.0518,0.0,0.0
2020-09-08,438.1654,0.0,0.0
2020-09-09,434.2574,0.0,0.0
2020-09-10,430.5153,0.0,0.0
2020-09-11,426.7,0.0,0.0
2020-09-12,423.6705,0.0,0.061
2020-09-13,422.6029,0.0,0.217
2020-09-14,421.6404,2.53,0.217
2020-09-15,439.1563,6.53,1.702
2020-09-16,456.6316,0.0,1.702
2020-09-17,473.0947,61.85,1.641
2020-09-18,490.8669,0.0,1.758
2020-09-19,508.4244,0.0,1.758
2020-09-20,507.7245,11.4,0.301
2020-09-21,507.0377,0.0,0.301
2020-09-22,507.9224,1.13,0.428
2020-09-23,505.9851,0.0,0.205
2020-09-24,509.4678,5.33,0.643
2020-09-25,519.5841,2.08,1.165
2020-09-26,539.17,18.27,1.933
2020-09-27,564.9656,22.88,2.452
2020-09-28,590.0344,31.99,2.402
2020-09-29,609.3564,26.96,1.964
2020-09-30,621.6136,0.0,1.415
2020-10-01,624.1355,0.0,0.647
2020-10-02,618.6401,0.0,0.0
2020-10-03,613.1487,0.0,0.0
2020-10-04,607.7121,0.0,0.0
2020-10-05,603.1751,0.0,0.069
2020-10-06,598.6948,0.0,0.069
2020-10-07,594.2634,2.89,0.069
2020-10-08,589.8743,0.0,0.069
2020-10-09,585.488,0.0,0.069
2020-10-10,580.2919,0.0,0.0
2020-10-11,581.2371,0.0,0.486
2020-10-12,582.0985,0.0,0.486
2020-10-13,583.0839,20.25,0.486
2020-10-14,587.7618,0.0,0.789
2020-10-15,592.4129,0.0,0.789
2020-10-16,600.5928,12.62,1.073
2020-10-17,608.5843,0.0,1.073
2020-10-18,624.4552,32.07,1.702
2020-10-19,636.4643,0.0,1.399
2020-10-20,648.2901,26.22,1.399
2020-10-21,650.4027,0.0,0.629
2020-10-22,652.472,0.0,0.629
2020-10-23,646.7099,0.0,0.0
2020-10-24,640.9743,0.0,0.0
2020-10-25,635.2688,0.0,0.0
2020-10-26,645.9764,0.0,1.31
2020-10-27,656.5544,0.0,1.31
2020-10-28,667.1784,54.57,1.31
2020-10-29,677.6348,0.0,1.31
2020-10-30,687.9664,0.0,1.31
2020-10-31,681.8056,0.0,0.0
2020-11-01,675.7923,0.0,0.0
2020-11-02,669.7924,0.0,0.0
2020-11-03,665.2038,0.0,0.107
2020-11-04,660.5627,0.0,0.107
2020-11-05,656.0553,4.47,0.107
2020-11-06,651.5983,0.0,0.107
2020-11-07,647.1318,0.0,0.107
2020-11-08,641.3489,0.0,0.0
2020-11-09,635.6989,0.0,0.0
2020-11-10,630.0592,0.0,0.0
2020-11-11,624.4506,0.0,0.0
2020-11-12,618.911,0.0,0.0
2020-11-13,613.403,0.0,0.0
2020-11-14,608.0109,0.0,0.0
2020-11-15,602.5443,0.0,0.0
2020-11-16,597.2071,0.0,0.0
2020-11-17,591.9265,0.0,0.0
2020-11-18,586.7017,0.0,0.0
2020-11-19,581.4269,0.0,0.0
2020-11-20,576.2757,0.0,0.0
2020-11-21,571.1436,0.0,0.0
2020-11-22,566.1413,0.0,0.0
2020-11-23,561.088,0.0,0.0
2020-11-24,556.1365,0.0,0.0
2020-11-25,551.239,0.0,0.0
2020-11-26,546.3154,0.0,0.0
2020-11-27,541.5011,0.0,0.0
2020-11-28,537.5271,0.0,0.067
2020-11-29,533.6338,0.0,0.067
2020-11-30,531.3802,2.8,0.198
2020-12-01,529.1178,0.0,0.198
2020-12-02,529.2811,5.46,0.387
2020-12-03,528.6249,0.0,0.32
2020-12-04,529.169,7.85,0.42
2020-12-05,528.0343,0.0,0.288
2020-12-06,527.0246,4.17,0.288
2020-12-07,523.5558,0.0,0.1
2020-12-08,520.2448,0.0,0.1
2020-12-09,515.6278,0.0,0.0
2020-12-10,511.0419,0.0,0.0
2020-12-11,506.5151,0.0,0.0
2020-12-12,502.0221,0.0,0.0
2020-12-13,498.449,0.0,0.067
2020-12-14,494.8502,0.0,0.067
2020-12-15,494.0712,2.81,0.286
2020-12-16,493.3002,0.0,0.286
2020-12-17,492.4743,9.13,0.286
2020-12-18,490.8547,0.0,0.219
2020-12-19,489.2339,0.0,0.219
2020-12-20,484.9109,0.0,0.0
2020-12-21,480.6,0.0,0.0
2020-12-22,476.4274,0.0,0.0
2020-12-23,472.2486,0.0,0.0
2020-12-24,468.0638,0.0,0.0
2020-12-25,464.9075,0.0,0.086
2020-12-26,462.7543,0.0,0.151
2020-12-27,460.8909,3.57,0.176
2020-12-28,458.9671,2.71,0.176
2020-12-29,457.1333,1.06,0.176
2020-12-30,454.1652,0.0,0.091
2020-12-31,450.5412,0.0,0.026
2021-01-01,446.523,0.0,0.0
2021-01-02,442.6184,0.0,0.0
2021-01-03,438.6586,0.0,0.0
2021-01-04,434.8499,0.0,0.0
2021-01-05,431.0273,0.0,0.0
2021-01-06,427.1706,0.0,0.0
2021-01-07,423.4299,0.0,0.003
2021-01-08,423.3607,0.0,0.296
2021-01-09,423.3791,0.13,0.296
2021-01-10,423.3318,12.19,0.296
2021-01-11,423.2651,0.0,0.296
2021-01-12,423.2497,0.0,0.293
2021-01-13,419.49,0.0,0.0
2021-01-14,415.7722,0.0,0.0
2021-01-15,412.1221,0.0,0.0
2021-01-16,408.5381,0.0,0.0
2021-01-17,404.924,0.0,0.0
2021-01-18,401.3344,0.0,0.0
2021-01-19,397.8213,0.0,0.0
2021-01-20,394.2642,0.0,0.0
2021-01-21,393.4922,0.0,0.213
2021-01-22,392.6951,0.0,0.213
2021-01-23,391.8833,8.88,0.213
2021-01-24,392.8657,0.0,0.352
2021-01-25,393.7759,0.0,0.352
2021-01-26,392.0884,5.8,0.139
2021-01-27,391.7124,0.0,0.246
2021-01-28,391.2344,0.0,0.246
2021-01-29,389.2457,4.44,0.107
2021-01-30,387.0256,0.0,0.107
2021-01-31,385.0244,0.0,0.107
2021-02-01,381.6848,0.0,0.0
2021-02-02,378.2861,0.0,0.0
2021-02-03,374.9235,0.0,0.0
2021-02-04,371.6364,0.0,0.0
2021-02-05,368.8225,0.0,0.031
2021-02-06,365.8823,0.0,0.031
2021-02-07,363.1478,1.3,0.031
2021-02-08,360.3116,0.0,0.031
2021-02-09,357.5021,0.0,0.031
2021-02-10,355.4225,0.0,0.083
2021-02-11,353.3305,0.0,0.083
2021-02-12,351.3267,3.48,0.083
2021-02-13,349.2809,0.0,0.083
2021-02-14,347.3534,0.0,0.097
2021-02-15,344.5121,0.0,0.014
2021-02-16,342.285,0.56,0.065
2021-02-17,340.1562,0.0,0.065
2021-02-18,338.1535,2.14,0.085
2021-02-19,336.1667,0.0,0.071
2021-02-20,334.0608,0.83,0.071
2021-02-21,331.3473,0.0,0.02
2021-02-22,328.7063,0.0,0.02
2021-02-23,326.7361,0.0,0.073
2021-02-24,326.5886,0.0,0.218
2021-02-25,326.6825,3.05,0.233
2021-02-26,326.6951,6.05,0.233
2021-02-27,326.7183,0.62,0.233
2021-02-28,325.9081,0.0,0.16
2021-03-01,323.1935,0.0,0.015
2021-03-02,320.7228,0.0,0.026
2021-03-03,318.2385,0.0,0.026
2021-03-04,315.7823,1.1,0.026
2021-03-05,313.4332,0.0,0.026
2021-03-06,310.9616,0.0,0.026
2021-03-07,308.2451,0.0,0.0
2021-03-08,306.1184,0.0,0.051
2021-03-09,304.1047,0.0,0.051
2021-03-10,302.1543,2.11,0.055
2021-03-11,300.1585,0.0,0.055
2021-03-12,298.2754,0.18,0.055
2021-03-13,295.6569,0.0,0.004
2021-03-14,293.1522,0.0,0.004
2021-03-15,290.6728,0.0,0.007
2021-03-16,288.2472,0.0,0.007
2021-03-17,285.7969,0.31,0.007
2021-03-18,283.4037,0.0,0.007
2021-03-19,281.0221,0.0,0.007
2021-03-20,278.5544,0.0,0.0
2021-03-21,276.1603,0.0,0.0
2021-03-22,276.1146,0.0,0.19
2021-03-23,276.0668,0.0,0.19
2021-03-24,277.0398,7.9,0.271
2021-03-25,278.051,0.0,0.271
2021-03-26,278.9856,3.4,0.271
2021-03-27,278.0067,0.0,0.117
2021-03-28,277.6388,0.0,0.182
2021-03-29,277.4976,1.46,0.101
2021-03-30,277.2547,2.74,0.101
2021-03-31,277.1959,0.0,0.101
2021-04-01,277.0179,0.0,0.066
2021-04-02,277.0024,0.0,0.0
2021-04-03,276.9798,0.0,0.0
2021-04-04,276.8963,0.0,0.049
2021-04-05,276.8458,0.0,0.049
2021-04-06,264.6519,2.06,0.049
2021-04-07,263.9774,0.0,0.049
2021-04-08,262.5852,0.0,0.049
2021-04-09,260.281,0.0,0.0
2021-04-10,257.5077,0.0,0.0
2021-04-11,254.224,0.0,0.103
2021-04-12,253.2659,0.0,0.103
2021-04-13,252.3439,4.27,0.103
2021-04-14,251.4147,0.0,0.103
2021-04-15,251.3847,0.0,0.168
2021-04-16,251.2015,0.0,0.16
2021-04-17,251.0059,2.74,0.16
2021-04-18,250.8435,3.92,0.16
2021-04-19,250.6343,0.0,0.16
2021-04-20,249.6405,0.0,0.094
2021-04-21,247.4677,0.0,0.0
2021-04-22,245.3052,0.0,0.0
2021-04-23,243.1608,0.0,0.0
2021-04-24,241.1311,0.0,0.0
2021-04-25,238.958,0.0,0.0
2021-04-26,236.8773,0.0,0.0
2021-04-27,237.7421,0.0,0.231
2021-04-28,238.5609,0.0,0.231
2021-04-29,239.3281,9.62,0.231
2021-04-30,240.2135,0.0,0.231
2021-05-01,240.9792,0.0,0.231
2021-05-02,238.8564,0.0,0.0
2021-05-03,236.8518,0.0,0.0
2021-05-04,234.7801,0.0,0.0
2021-05-05,232.687,0.0,0.0
2021-05-06,230.7603,0.0,0.0
2021-05-07,228.7269,0.0,0.0
2021-05-08,226.7249,0.0,0.0
2021-05-09,224.8089,0.0,0.0
2021-05-10,222.8196,0.0,0.0
2021-05-11,220.8852,0.0,0.0
2021-05-12,218.9547,0.0,0.0
2021-05-13,217.0977,0.0,0.0
2021-05-14,215.2173,0.0,0.0
2021-05-15,213.3432,0.0,0.0
2021-05-16,211.4754,0.0,0.0
2021-05-17,209.676,0.0,0.0
2021-05-18,207.8595,0.0,0.0
2021-05-19,206.0273,0.0,0.0
2021-05-20,204.2451,0.0,0.0
2021-05-21,202.5441,0.0,0.0
2021-05-22,204.9424,0.0,0.339
2021-05-23,215.3733,0.0,0.969
2021-05-24,225.6063,14.13,0.969
2021-05-25,239.5302,26.25,1.266
2021-05-26,253.2216,0.0,1.266
2021-05-27,262.6384,12.36,0.927
2021-05-28,266.8799,0.0,0.525
2021-05-29,271.1299,0.0,0.525
2021-05-30,271.6361,9.5,0.228
2021-05-31,281.8901,0.0,1.013
2021-06-01,292.1312,0.0,1.013
2021-06-02,299.3258,32.69,0.785
2021-06-03,306.5536,0.0,0.785
2021-06-04,316.1794,0.0,0.983
2021-06-05,315.8852,0.0,0.199
2021-06-06,315.752,8.28,0.208
2021-06-07,315.5023,0.0,0.208
2021-06-08,315.3159,0.38,0.208
2021-06-09,312.6786,0.0,0.009
2021-06-10,310.1032,0.0,0.009
2021-06-11,307.3841,0.0,0.0
2021-06-12,304.6824,0.0,0.0
2021-06-13,301.98,0.0,0.0
2021-06-14,299.3951,0.0,0.0
2021-06-15,296.7175,0.0,0.0
2021-06-16,300.9781,0.0,0.543
2021-06-17,305.1805,0.0,0.543
2021-06-18,309.2199,22.61,0.543
2021-06-19,317.8277,0.0,0.905
2021-06-20,329.8957,0.0,1.191
2021-06-21,335.0641,15.08,0.648
2021-06-22,340.2614,11.92,0.648
2021-06-23,345.3613,0.0,0.648
2021-06-24,345.8951,0.0,0.286
2021-06-25,342.9532,0.0,0.0
2021-06-26,347.5246,0.0,0.61
2021-06-27,352.1011,0.0,0.61
2021-06-28,356.6126,25.41,0.61
2021-06-29,363.6689,0.0,0.815
2021-06-30,370.6917,0.0,0.815
2021-07-01,369.9632,8.54,0.205
2021-07-02,369.2878,0.0,0.205
2021-07-03,368.7449,0.0,0.218
2021-07-04,365.6633,0.0,0.013
2021-07-05,362.5818,0.55,0.013
2021-07-06,367.9326,0.0,0.684
2021-07-07,373.3036,0.0,0.684
2021-07-08,378.4199,27.97,0.671
2021-07-09,383.4403,0.0,0.671
2021-07-10,388.4931,0.0,0.671
2021-07-11,385.0758,0.0,0.0
2021-07-12,383.8178,0.0,0.176
2021-07-13,382.6742,0.0,0.176
2021-07-14,381.5436,7.33,0.176
2021-07-15,380.3832,0.0,0.176
2021-07-16,379.1877,0.0,0.176
2021-07-17,375.8906,0.0,0.0
2021-07-18,372.61,0.0,0.0
2021-07-19,370.8974,0.0,0.126
2021-07-20,369.1814,0.0,0.126
2021-07-21,367.4956,5.24,0.126
2021-07-22,365.8312,0.0,0.126
2021-07-23,364.2195,0.0,0.126
2021-07-24,361.0099,0.0,0.0
2021-07-25,357.8504,0.0,0.0
2021-07-26,354.6915,0.0,0.0
2021-07-27,351.5964,0.0,0.0
2021-07-28,348.4871,0.0,0.0
2021-07-29,345.4479,0.0,0.0
2021-07-30,342.4182,0.0,0.0
2021-07-31,339.3629,0.0,0.0
2021-08-01,336.3548,0.0,0.0
2021-08-02,333.5042,0.0,0.0
2021-08-03,339.6114,0.0,0.726
2021-08-04,345.6427,0.0,0.726
2021-08-05,351.7084,30.23,0.726
2021-08-06,357.7344,0.0,0.726
2021-08-07,376.5249,0.0,1.757
2021-08-08,386.1001,0.0,1.032
2021-08-09,395.6535,42.98,1.032
2021-08-10,408.5045,0.0,1.313
2021-08-11,421.3201,0.0,1.313
2021-08-12,421.1487,11.71,0.281
2021-08-13,420.9542,0.0,0.281
2021-08-14,420.7593,0.0,0.281
2021-08-15,426.7637,0.0,0.776
2021-08-16,432.6804,0.0,0.776
2021-08-17,438.5738,32.34,0.776
2021-08-18,444.383,0.0,0.776
2021-08-19,450.1718,0.0,0.776
2021-08-20,446.1981,0.0,0.0
2021-08-21,442.2621,0.0,0.0
2021-08-22,438.375,0.0,0.0
2021-08-23,434.4998,0.0,0.0
2021-08-24,430.6507,0.0,0.0
2021-08-25,426.8257,0.0,0.0
2021-08-26,423.0869,0.0,0.0
2021-08-27,419.3527,0.0,0.0
2021-08-28,422.8312,0.0,0.574
2021-08-29,426.3323,0.0,0.574
2021-08-30,429.66,23.9,0.574
2021-08-31,433.0674,0.0,0.574
2021-09-01,436.4353,0.0,0.574
2021-09-02,432.5551,0.0,0.0
2021-09-03,428.8058,0.0,0.0
2021-09-04,424.9422,0.0,0.0
2021-09-05,421.2152,0.0,0.0
2021-09-06,417.4672,0.0,0.0
2021-09-07,413.7997,0.0,0.0
2021-09-08,429.3842,0.0,1.537
2021-09-09,451.7637,0.0,2.092
2021-09-10,473.9082,64.05,2.092
2021-09-11,495.8973,23.12,2.092
2021-09-12,517.6199,0.0,2.092
2021-09-13,519.9658,0.0,0.555
2021-09-14,515.4536,0.0,0.0
2021-09-15,510.8225,0.0,0.0
2021-09-16,506.2683,0.0,0.0
2021-09-17,514.3238,0.0,1.003
2021-09-18,522.2985,0.0,1.003
2021-09-19,530.2653,41.78,1.003
2021-09-20,538.0654,0.0,1.003
2021-09-21,545.8488,0.0,1.003
2021-09-22,543.7378,0.0,0.218
2021-09-23,541.6752,0.0,0.218
2021-09-24,540.2255,9.1,0.272
2021-09-25,549.2899,0.0,1.109
2021-09-26,558.3186,2.22,1.109
2021-09-27,564.5078,34.87,0.89
2021-09-28,570.6221,0.0,0.89
2021-09-29,575.9898,0.0,0.837
2021-09-30,570.9268,0.0,0.0
2021-10-01,565.8225,0.0,0.0
2021-10-02,561.4269,0.0,0.049
2021-10-03,557.0515,0.0,0.049
2021-10-04,552.7954,2.05,0.049
2021-10-05,548.4909,0.0,0.049
2021-10-06,552.6791,0.0,0.724
2021-10-07,556.236,0.0,0.675
2021-10-08,559.7887,28.12,0.675
2021-10-09,564.4613,0.0,0.782
2021-10-10,569.2554,0.0,0.782
2021-10-11,565.5462,4.45,0.107
2021-10-12,561.8596,0.0,0.107
2021-10-13,558.2064,0.0,0.107
2021-10-14,553.2821,0.0,0.0
2021-10-15,548.3515,0.0,0.0
2021-10-16,543.539,0.0,0.0
2021-10-17,538.7153,0.0,0.0
2021-10-18,533.9562,0.0,0.0
2021-10-19,529.2281,0.0,0.0
2021-10-20,524.5445,0.0,0.0
2021-10-21,519.871,0.0,0.0
2021-10-22,515.3434,0.0,0.0
2021-10-23,515.8939,0.0,0.413
2021-10-24,516.4327,0.0,0.413
2021-10-25,517.0548,17.23,0.413
2021-10-26,517.6235,0.0,0.413
2021-10-27,518.2618,0.0,0.413
2021-10-28,513.6698,0.0,0.0
2021-10-29,509.1129,0.0,0.0
2021-10-30,519.626,0.0,1.196
2021-10-31,529.927,0.0,1.196
2021-11-01,540.184,49.81,1.196
2021-11-02,550.2938,0.0,1.196
2021-11-03,560.3598,0.0,1.196
2021-11-04,555.4239,0.0,0.0
2021-11-05,550.5056,0.0,0.0
2021-11-06,545.5668,0.0,0.0
2021-11-07,546.9657,0.0,0.495
2021-11-08,548.308,0.0,0.495
2021-11-09,552.4596,20.61,0.721
2021-11-10,556.5626,0.0,0.721
2021-11-11,565.593,9.45,1.116
2021-11-12,568.3621,0.0,0.622
2021-11-13,571.1035,16.46,0.622
2021-11-14,570.9937,0.0,0.395
2021-11-15,570.8839,0.0,0.395
2021-11-16,565.7815,0.0,0.0
2021-11-17,560.761,0.0,0.0
2021-11-18,555.8174,0.0,0.0
2021-11-19,550.8968,0.0,0.0
2021-11-20,545.9841,0.0,0.0
2021-11-21,541.1833,0.0,0.0
2021-11-22,536.3951,0.0,0.0
2021-11-23,531.6537,0.0,0.0
2021-11-24,526.9602,0.0,0.0
2021-11-25,522.2152,0.0,0.0
2021-11-26,517.618,0.0,0.0
2021-11-27,513.0358,0.0,0.0
2021-11-28,508.4917,0.0,0.0
2021-11-29,503.9752,0.0,0.0
2021-11-30,499.4907,0.0,0.0
2021-12-01,496.67,0.0,0.124
2021-12-02,493.8019,0.0,0.124
2021-12-03,491.0108,5.17,0.124
2021-12-04,488.1931,0.0,0.124
2021-12-05,485.4177,0.0,0.124
2021-12-06,481.1652,0.0,0.0
2021-12-07,476.9087,0.0,0.0
2021-12-08,472.7059,0.0,0.0
2021-12-09,468.5764,0.0,0.0
2021-12-10,464.3791,0.0,0.0
2021-12-11,460.2825,0.0,0.0
2021-12-12,456.1697,0.0,0.0
2021-12-13,452.1341,0.0,0.0
2021-12-14,448.2271,0.0,0.0
2021-12-15,444.1948,0.0,0.0
2021-12-16,450.7032,0.0,0.835
2021-12-17,457.1867,0.0,0.835
2021-12-18,463.5805,34.78,0.835
2021-12-19,469.8938,0.0,0.835
2021-12-20,476.1925,0.0,0.835
2021-12-21,472.9088,0.0,0.07
2021-12-22,469.5479,0.0,0.07
2021-12-23,467.9086,2.93,0.202
2021-12-24,469.2682,0.0,0.434
2021-12-25,470.5326,5.49,0.434
2021-12-26,473.2364,9.66,0.552
2021-12-27,475.9202,0.0,0.552
2021-12-28,476.9851,7.83,0.42
2021-12-29,475.1396,0.0,0.188
2021-12-30,475.7089,0.0,0.379
2021-12-31,474.7561,0.0,0.265
2022-01-01,473.9059,7.94,0.265
2022-01-02,474.2288,3.12,0.359
2022-01-03,474.4345,0.0,0.359
2022-01-04,472.4497,3.9,0.169
2022-01-05,469.379,0.0,0.094
2022-01-06,466.4472,0.0,0.094
2022-01-07,462.3232,0.0,0.0
2022-01-08,461.0401,0.0,0.222
2022-01-09,462.3382,0.0,0.431
2022-01-10,463.5526,9.25,0.431
2022-01-11,466.603,8.7,0.568
2022-01-12,469.6062,0.0,0.568
2022-01-13,469.7689,5.71,0.346
2022-01-14,467.3496,0.0,0.137
2022-01-15,464.9414,0.0,0.137
2022-01-16,460.8282,0.0,0.0
2022-01-17,456.7328,0.0,0.0
2022-01-18,452.6496,0.0,0.0
2022-01-19,448.6935,0.0,0.0
2022-01-20,444.7578,0.0,0.0
2022-01-21,440.7864,0.0,0.0
2022-01-22,436.9472,0.0,0.0
2022-01-23,433.0996,0.0,0.0
2022-01-24,429.255,0.0,0.0
2022-01-25,425.3726,0.0,0.0
2022-01-26,424.1256,0.0,0.196
2022-01-27,422.9317,0.0,0.196
2022-01-28,421.5815,8.17,0.196
2022-01-29,422.0543,0.0,0.339
2022-01-30,424.2478,0.0,0.466
2022-01-31,423.9378,5.94,0.277
2022-02-01,423.6996,5.29,0.277
2022-02-02,424.4405,0.34,0.36
2022-02-03,423.2768,0.0,0.218
2022-02-04,423.1443,3.45,0.158
2022-02-05,423.0394,0.0,0.325
2022-02-06,422.985,2.82,0.325
2022-02-07,422.8556,7.26,0.242
2022-02-08,422.6991,0.0,0.242
2022-02-09,422.6891,0.0,0.174
2022-02-10,422.6472,0.0,0.0
2022-02-11,422.5934,0.0,0.044
2022-02-12,422.4953,0.0,0.044
2022-02-13,422.4994,1.81,0.044
2022-02-14,422.4535,0.0,0.097
2022-02-15,422.4686,0.0,0.097
2022-02-16,422.3385,2.21,0.053
2022-02-17,422.3189,0.0,0.053
2022-02-18,422.3011,0.0,0.053
2022-02-19,422.2744,0.0,0.0
2022-02-20,422.2437,0.0,0.0
2022-02-21,422.1709,0.0,0.0
2022-02-22,422.2261,0.0,0.0
2022-02-23,422.2372,0.0,0.0
2022-02-24,422.1997,0.0,0.0
2022-02-25,422.2624,0.0,0.0
2022-02-26,422.1956,0.0,0.0
2022-02-27,422.2259,0.0,0.0
2022-02-28,422.1879,0.0,0.0
2022-03-01,422.1986,0.0,0.0
2022-03-02,357.5027,0.0,0.013
2022-03-03,358.252,0.0,0.03
2022-03-04,358.6732,0.55,0.03
2022-03-05,360.2443,0.7,0.172
2022-03-06,361.9242,0.0,0.241
2022-03-07,362.8874,5.92,0.228
2022-03-08,363.1945,2.89,0.211
2022-03-09,362.9879,0.0,0.211
2022-03-10,361.267,0.0,0.069
2022-03-11,358.9518,0.0,0.0
2022-03-12,356.4085,0.0,0.0
2022-03-13,354.3251,0.0,0.198
2022-03-14,351.8004,0.0,0.241
2022-03-15,348.6345,8.23,0.241
2022-03-16,345.0383,1.8,0.25
2022-03-17,340.6559,0.0,0.25
2022-03-18,335.8492,0.4,0.053
2022-03-19,333.496,0.0,0.051
2022-03-20,331.6645,0.0,0.085
2022-03-21,329.648,1.71,0.076
2022-03-22,327.6867,1.46,0.076
2022-03-23,327.1795,0.0,0.185
2022-03-24,326.1024,0.0,0.144
2022-03-25,324.593,4.54,0.109
2022-03-26,323.1282,0.0,0.109
2022-03-27,321.7398,0.0,0.109
2022-03-28,318.8634,0.0,0.0
2022-03-29,317.5799,0.0,0.12
2022-03-30,316.2953,0.0,0.12
2022-03-31,315.0475,5.01,0.12
2022-04-01,313.742,0.0,0.12
2022-04-02,312.4419,0.0,0.12
2022-04-03,311.2724,0.0,0.121
2022-04-04,310.0879,0.0,0.121
2022-04-05,308.8309,5.04,0.121
2022-04-06,307.662,0.0,0.121
2022-04-07,306.4645,0.0,0.121
2022-04-08,303.8485,0.0,0.0
2022-04-09,301.1682,0.0,0.0
2022-04-10,298.5314,0.0,0.0
2022-04-11,295.9204,0.0,0.0
2022-04-12,293.314,0.0,0.0
2022-04-13,290.7577,0.0,0.0
2022-04-14,288.176,0.0,0.0
2022-04-15,285.6286,0.0,0.0
2022-04-16,283.2039,0.0,0.0
2022-04-17,280.7368,0.0,0.0
2022-04-18,284.8684,0.0,0.524
2022-04-19,288.9473,0.0,0.524
2022-04-20,292.9787,21.85,0.524
2022-04-21,296.8969,0.0,0.524
2022-04-22,304.8538,0.0,0.843
2022-04-23,306.1899,0.0,0.318
2022-04-24,307.5508,13.26,0.318
2022-04-25,308.8068,0.0,0.318
2022-04-26,310.7174,0.0,0.37
2022-04-27,308.5978,0.0,0.052
2022-04-28,310.2754,2.15,0.351
2022-04-29,312.0027,0.0,0.351
2022-04-30,313.6081,12.49,0.351
2022-05-01,314.6358,0.0,0.3
2022-05-02,315.6323,0.0,0.3
2022-05-03,312.9194,0.0,0.0
2022-05-04,310.1216,0.0,0.0
2022-05-05,307.3444,0.0,0.0
2022-05-06,304.7424,0.0,0.0
2022-05-07,302.0403,0.0,0.0
2022-05-08,299.4205,0.0,0.0
2022-05-09,296.7983,0.0,0.0
2022-05-10,294.198,0.0,0.0
2022-05-11,291.6586,0.0,0.0
2022-05-12,291.2702,0.0,0.178
2022-05-13,290.9849,0.0,0.178
2022-05-14,290.708,7.43,0.178
2022-05-15,290.3589,0.0,0.178
2022-05-16,291.922,0.0,0.33
2022-05-17,291.3394,0.0,0.152
2022-05-18,290.708,6.33,0.152
2022-05-19,297.192,0.0,0.725
2022-05-20,303.5948,0.0,0.725
2022-05-21,308.1766,23.86,0.573
2022-05-22,312.567,0.0,0.573
2022-05-23,317.0472,0.0,0.573
2022-05-24,314.2345,0.0,0.0
2022-05-25,311.4745,0.0,0.0
2022-05-26,308.769,0.0,0.0
2022-05-27,306.0742,0.0,0.0
2022-05-28,303.3821,0.0,0.0
2022-05-29,300.765,0.0,0.0
2022-05-30,298.1037,0.0,0.0
2022-05-31,295.54,0.0,0.0
2022-06-01,292.9359,0.0,0.0
2022-06-02,290.3467,0.0,0.0
2022-06-03,287.8048,0.0,0.0
2022-06-04,286.3997,0.0,0.091
2022-06-05,291.6302,0.0,0.614
2022-06-06,296.7366,3.77,0.614
2022-06-07,301.7557,21.81,0.614
2022-06-08,306.8447,0.0,0.614
2022-06-09,310.69,0.0,0.523
2022-06-10,314.1451,0.0,0.488
2022-06-11,317.3973,0.0,0.488
2022-06-12,320.7254,20.34,0.488
2022-06-13,324.0924,0.0,0.488
2022-06-14,327.3606,0.0,0.488
2022-06-15,324.4281,0.0,0.0
2022-06-16,321.588,0.0,0.0
2022-06-17,318.8075,0.0,0.0
2022-06-18,315.8091,0.0,0.0
2022-06-19,315.7217,0.0,0.105
2022-06-20,315.6815,0.0,0.105
2022-06-21,312.362,4.37,0.105
2022-06-22,310.232,0.0,0.105
2022-06-23,308.8425,0.0,0.105
2022-06-24,306.6305,0.0,0.037
2022-06-25,304.4368,0.0,0.037
2022-06-26,302.1534,1.53,0.037
2022-06-27,299.9872,0.0,0.037
2022-06-28,297.879,0.0,0.037
2022-06-29,295.1747,0.0,0.0
2022-06-30,292.6707,0.0,0.0
2022-07-01,290.0521,0.0,0.0
2022-07-02,287.5515,0.0,0.0
2022-07-03,288.8067,0.0,0.302
2022-07-04,300.0739,0.0,1.105
2022-07-05,311.2603,12.59,1.105
2022-07-06,322.3845,33.45,1.105
2022-07-07,339.1671,0.0,1.567
2022-07-08,351.9666,0.0,1.265
2022-07-09,354.6557,19.25,0.462
2022-07-10,357.3298,0.0,0.462
2022-07-11,372.938,0.0,1.504
2022-07-12,382.7286,0.0,1.042
2022-07-13,398.0466,43.4,1.495
2022-07-14,413.278,0.0,1.495
2022-07-15,428.2298,18.88,1.495
2022-07-16,430.1138,0.0,0.453
2022-07-17,432.02,0.0,0.453
2022-07-18,428.2101,0.0,0.0
2022-07-19,424.3923,0.0,0.0
2022-07-20,420.6531,0.0,0.0
2022-07-21,416.9719,0.0,0.0
2022-07-22,413.2547,0.0,0.0
2022-07-23,409.6242,0.0,0.0
2022-07-24,420.7398,0.0,1.177
2022-07-25,431.7676,0.0,1.177
2022-07-26,445.1795,49.04,1.382
2022-07-27,458.4812,0.0,1.382
2022-07-28,471.6977,8.53,1.382
2022-07-29,477.473,0.0,0.794
2022-07-30,483.1752,0.0,0.794
2022-07-31,486.304,24.56,0.589
2022-08-01,489.3393,0.0,0.589
2022-08-02,492.3925,0.0,0.589
2022-08-03,488.0352,0.0,0.0
2022-08-04,483.7292,0.0,0.0
2022-08-05,479.5049,0.0,0.0
2022-08-06,475.2464,0.0,0.0
2022-08-07,471.0264,0.0,0.0
2022-08-08,466.8494,0.0,0.0
2022-08-09,466.0578,0.0,0.267
2022-08-10,465.2953,0.0,0.267
2022-08-11,464.5248,11.11,0.267
2022-08-12,463.7088,0.0,0.267
2022-08-13,462.9729,0.0,0.267
2022-08-14,458.8206,0.0,0.0
2022-08-15,454.8344,0.0,0.0
2022-08-16,450.834,0.0,0.0
2022-08-17,446.8219,0.0,0.0
2022-08-18,447.4369,0.0,0.36
2022-08-19,453.3506,0.0,0.796
2022-08-20,459.3242,14.99,0.796
2022-08-21,465.2037,18.16,0.796
2022-08-22,471.036,0.0,0.796
2022-08-23,479.2076,0.0,0.987
2022-08-24,481.8653,0.0,0.551
2022-08-25,484.5146,22.96,0.551
2022-08-26,487.134,0.0,0.551
2022-08-27,492.0312,0.0,0.74
2022-08-28,497.5662,0.0,0.789
2022-08-29,502.9815,7.86,0.789
2022-08-30,508.4373,25.01,0.789
2022-08-31,513.7545,0.0,0.789
2022-09-01,516.7663,0.0,0.6
2022-09-02,512.0757,0.0,0.0
2022-09-03,511.8744,0.0,0.0
2022-09-04,511.6973,0.0,0.0
2022-09-05,511.646,0.0,0.0
2022-09-06,511.6114,0.0,0.0
2022-09-07,511.514,0.0,0.0
2022-09-08,511.4374,0.0,0.0
2022-09-09,490.6947,0.0,0.414
2022-09-10,493.8511,0.0,0.414
2022-09-11,495.1243,17.26,0.414
2022-09-12,494.6444,0.0,0.492
2022-09-13,491.8921,0.0,0.492
2022-09-14,488.4767,3.23,0.078
2022-09-15,485.143,0.0,0.078
2022-09-16,481.7867,0.0,0.078
2022-09-17,477.5182,0.0,0.0
2022-09-18,473.3661,0.0,0.0
2022-09-19,469.1381,0.0,0.0
2022-09-20,465.01,0.0,0.0
2022-09-21,460.8812,0.0,0.0
2022-09-22,457.2423,0.0,0.036
2022-09-23,453.6751,0.0,0.036
2022-09-24,450.1651,1.51,0.036
2022-09-25,458.3096,0.0,0.972
2022-09-26,466.339,0.0,0.972
2022-09-27,478.0196,38.97,1.261
2022-09-28,490.3981,0.0,1.324
2022-09-29,502.5458,13.55,1.324
2022-09-30,502.9042,2.63,0.388
2022-10-01,503.4173,0.0,0.388
2022-10-02,499.7148,0.0,0.063
2022-10-03,495.2714,0.0,0.0
2022-10-04,490.8814,0.0,0.0
2022-10-05,486.5835,0.0,0.0
2022-10-06,482.2323,0.0,0.0
2022-10-07,478.0193,0.0,0.0
2022-10-08,473.7758,0.0,0.0
2022-10-09,469.5795,0.0,0.0
2022-10-10,481.2529,0.0,1.266
2022-10-11,492.7127,0.0,1.266
2022-10-12,492.66,52.75,1.266
2022-10-13,492.5244,0.0,1.831
2022-10-14,529.3952,0.0,1.831
2022-10-15,543.2767,23.56,0.565
2022-10-16,545.5316,0.0,0.565
2022-10-17,547.7611,0.0,0.565
2022-10-18,542.9057,0.0,0.0
2022-10-19,538.0744,0.0,0.0
2022-10-20,533.3413,0.0,0.0
2022-10-21,528.593,0.0,0.0
2022-10-22,523.8989,0.0,0.0
2022-10-23,519.2654,0.0,0.0
2022-10-24,514.7384,0.0,0.0
2022-10-25,510.0702,0.0,0.0
2022-10-26,505.6226,0.0,0.0
2022-10-27,501.0833,0.0,0.0
2022-10-28,496.6967,0.0,0.0
2022-10-29,492.2931,0.0,0.0
2022-10-30,487.8893,0.0,0.0
2022-10-31,483.6485,0.0,0.0
2022-11-01,479.3492,0.0,0.0
2022-11-02,475.0599,0.0,0.0
2022-11-03,475.9019,0.0,0.396
2022-11-04,478.2153,0.0,0.52
2022-11-05,480.4919,16.51,0.52
2022-11-06,482.7123,5.16,0.52
2022-11-07,484.9371,0.0,0.52
2022-11-08,482.9105,0.0,0.178
2022-11-09,479.3262,0.0,0.054
2022-11-10,475.7471,2.25,0.054
2022-11-11,472.1543,0.0,0.054
2022-11-12,468.5795,0.0,0.054
2022-11-13,468.4972,0.0,0.0
2022-11-14,468.3572,0.0,0.0
2022-11-15,462.2127,0.0,0.307
2022-11-16,460.0418,0.0,0.307
2022-11-17,462.8855,12.78,0.556
2022-11-18,465.7772,0.0,0.556
2022-11-19,468.5793,10.41,0.556
2022-11-20,467.5527,0.0,0.25
2022-11-21,466.5565,0.0,0.25
2022-11-22,462.3982,0.0,0.0
2022-11-23,458.3085,0.0,0.0
2022-11-24,454.3268,0.0,0.0
2022-11-25,450.3179,0.0,0.0
2022-11-26,446.271,0.0,0.0
2022-11-27,442.3896,0.0,0.0
2022-11-28,438.4532,0.0,0.0
2022-11-29,434.5964,0.0,0.0
2022-11-30,430.7652,0.0,0.0
2022-12-01,426.981,0.0,0.0
2022-12-02,423.9707,0.0,0.063
2022-12-03,421.0544,0.0,0.063
2022-12-04,418.0919,2.61,0.063
2022-12-05,414.9803,0.0,0.063
2022-12-06,414.7629,0.0,0.063
2022-12-07,414.7143,0.0,0.0
2022-12-08,414.5535,0.0,0.0
2022-12-09,414.473,0.0,0.0
2022-12-10,414.3335,0.0,0.0
2022-12-11,414.3013,0.0,0.0
2022-12-12,414.3188,0.0,0.0
2022-12-13,414.2549,0.0,0.0
2022-12-14,414.1607,0.0,0.0
2022-12-15,384.4761,0.0,0.0
2022-12-16,383.5646,0.0,0.0
2022-12-17,381.5652,0.0,0.0
2022-12-18,378.2553,0.0,0.0
2022-12-19,373.7792,0.0,0.0
2022-12-20,368.0911,0.0,0.0
2022-12-21,361.0662,0.0,0.0
2022-12-22,357.89,0.0,0.0
2022-12-23,354.7691,0.0,0.0
2022-12-24,351.6834,0.0,0.0
2022-12-25,348.5302,0.0,0.0
2022-12-26,345.4594,0.0,0.0
2022-12-27,342.5011,0.0,0.0
2022-12-28,339.4525,0.0,0.0
2022-12-29,336.4801,0.0,0.0
2022-12-30,333.4842,0.0,0.0
